source,target,weight
1009610,1009368,388
1009610,1009220,413
1009610,1009165,306
1009610,1009351,221
1009610,1009299,166
1009610,1009262,174
1009610,1009356,163
1009610,1009257,74
1009610,1009268,89
1009610,1009282,120
1009610,1009366,107
1009610,1009515,79
1009610,1009175,57
1009610,1009187,52
1009610,1009243,61
1009610,1009459,132
1009610,1009546,32
1009610,1009592,44
1009610,1009472,43
1009610,1009338,131
1009610,1009362,28
1009610,1009159,19
1009610,1009189,52
1009610,1009313,13
1009610,1009562,60
1009610,1009471,29
1009610,1009214,12
1009610,1009583,63
1009610,1009417,48
1009610,1009512,6
1009610,1009281,56
1009610,1009367,56
1009610,1009407,24
1009610,1009504,24
1009610,1009310,22
1009610,1009318,26
1009610,1009215,120
1009610,1009524,37
1009610,1009337,7
1009610,1009182,5
1009610,1009466,23
1009610,1009508,6
1009610,1009343,20
1009610,1009219,8
1009610,1009554,6
1009610,1009452,53
1009610,1009277,13
1009610,1009372,255
1009610,1009499,3
1009610,1009609,29
1009610,1009389,103
1009610,1009224,26
1009610,1009288,16
1009610,1009365,11
1009610,1009267,6
1009610,1009608,126
1009610,1009480,11
1009610,1009477,27
1009610,1009379,10
1009610,1009312,24
1009610,1009327,6
1009610,1009577,21
1009610,1009297,20
1009610,1009382,22
1009610,1009325,95
1009726,1009610,138
1009726,1009368,64
1009726,1009220,75
1009726,1009718,1031
1009726,1009165,126
1009726,1009664,56
1009726,1009351,53
1009726,1009299,82
1009726,1009262,21
1009726,1009356,30
1009726,1009662,26
1009726,1009257,755
1009726,1009268,43
1009726,1009282,21
1009726,1009629,736
1009726,1009366,30
1009726,1009515,7
1009726,1009175,564
1009726,1009187,29
1009726,1009243,618
1009726,1009459,24
1009726,1009546,524
1009726,1009592,18
1009726,1009472,511
1009726,1009338,32
1009726,1009362,467
1009726,1009697,27
1009726,1009159,365
1009726,1009189,18
1009726,1009313,398
1009726,1009562,56
1009726,1009471,38
1009726,1009214,66
1009726,1009583,17
1009726,1009724,203
1009726,1009417,312
1009726,1009512,366
1009726,1009281,28
1009726,1009707,17
1009726,1009367,5
1009726,1009407,11
1009726,1009708,3
1009726,1009504,311
1009726,1009310,268
1009726,1009318,11
1009726,1009215,5
1009726,1009524,88
1009726,1009337,230
1009726,1009182,253
1009726,1009466,42
1009726,1009508,173
1009726,1009343,10
1009726,1009219,160
1009726,1009719,5
1009726,1009554,116
1009726,1009452,2
1009726,1009277,98
1009726,1009372,1
1009726,1009499,209
1009726,1009609,1
1009726,1009652,11
1009726,1009389,3
1009726,1009224,8
1009726,1009288,4
1009726,1009365,31
1009726,1009381,156
1009726,1009267,115
1009726,1009608,2
1009726,1009480,2
1009726,1009705,145
1009726,1009477,6
1009726,1009379,1
1009726,1009312,16
1009726,1009722,63
1009726,1009327,138
1009726,1009577,1
1009726,1009297,3
1009726,1009382,107
1009726,1009325,7
1009726,1009638,102
1009368,1009220,794
1009368,1009165,614
1009368,1009351,303
1009368,1009299,77
1009368,1009262,78
1009368,1009356,120
1009368,1009257,81
1009368,1009268,11
1009368,1009282,108
1009368,1009366,86
1009368,1009175,98
1009368,1009187,146
1009368,1009243,68
1009368,1009338,245
1009368,1009362,24
1009368,1009159,16
1009368,1009189,143
1009368,1009313,23
1009368,1009214,6
1009368,1009281,68
1009368,1009367,41
1009368,1009310,7
1009368,1009318,13
1009368,1009215,69
1009368,1009337,8
1009368,1009182,15
1009368,1009343,45
1009368,1009219,25
1009368,1009277,6
1009368,1009224,36
1009368,1009288,8
1009368,1009365,14
1009368,1009267,9
1009368,1009312,34
1009368,1009327,11
1009368,1009297,53
1009368,1009325,21
1009220,1009165,708
1009220,1009175,78
1009220,1009187,149
1009220,1009159,12
1009220,1009189,182
1009220,1009214,15
1009220,1009215,82
1009220,1009182,7
1009220,1009219,4
1009718,1009610,416
1009718,1009368,741
1009718,1009220,341
1009718,1009165,204
1009718,1009664,163
1009718,1009351,196
1009718,1009299,57
1009718,1009262,40
1009718,1009356,78
1009718,1009662,92
1009718,1009257,523
1009718,1009268,108
1009718,1009282,69
1009718,1009629,513
1009718,1009366,48
1009718,1009515,59
1009718,1009175,325
1009718,1009187,31
1009718,1009243,501
1009718,1009459,72
1009718,1009546,357
1009718,1009592,15
1009718,1009472,395
1009718,1009338,107
1009718,1009362,219
1009718,1009697,34
1009718,1009159,200
1009718,1009189,41
1009718,1009313,240
1009718,1009562,64
1009718,1009471,57
1009718,1009214,71
1009718,1009583,38
1009718,1009417,159
1009718,1009512,247
1009718,1009281,37
1009718,1009707,50
1009718,1009367,34
1009718,1009407,11
1009718,1009708,14
1009718,1009504,166
1009718,1009310,185
1009718,1009318,25
1009718,1009215,68
1009718,1009524,52
1009718,1009337,148
1009718,1009182,102
1009718,1009466,34
1009718,1009508,144
1009718,1009343,11
1009718,1009219,107
1009718,1009554,108
1009718,1009452,27
1009718,1009277,30
1009718,1009372,21
1009718,1009499,84
1009718,1009609,9
1009718,1009652,15
1009718,1009389,18
1009718,1009224,18
1009718,1009288,25
1009718,1009365,2
1009718,1009381,152
1009718,1009267,83
1009718,1009608,110
1009718,1009480,8
1009718,1009705,45
1009718,1009477,11
1009718,1009379,4
1009718,1009312,16
1009718,1009327,62
1009718,1009577,9
1009718,1009297,14
1009718,1009382,53
1009718,1009325,22
1009718,1009638,43
1009165,1009159,4
1009664,1009610,218
1009664,1009368,587
1009664,1009220,568
1009664,1009165,493
1009664,1009351,236
1009664,1009299,80
1009664,1009262,65
1009664,1009356,98
1009664,1009662,109
1009664,1009257,48
1009664,1009268,7
1009664,1009282,63
1009664,1009629,40
1009664,1009366,73
1009664,1009515,10
1009664,1009175,66
1009664,1009187,97
1009664,1009243,44
1009664,1009459,96
1009664,1009546,49
1009664,1009592,60
1009664,1009472,29
1009664,1009338,180
1009664,1009362,20
1009664,1009159,14
1009664,1009189,84
1009664,1009313,19
1009664,1009562,240
1009664,1009471,49
1009664,1009214,8
1009664,1009583,97
1009664,1009417,34
1009664,1009512,11
1009664,1009281,61
1009664,1009367,12
1009664,1009407,277
1009664,1009504,23
1009664,1009310,8
1009664,1009318,8
1009664,1009215,28
1009664,1009524,106
1009664,1009337,25
1009664,1009182,7
1009664,1009466,28
1009664,1009508,5
1009664,1009343,80
1009664,1009219,10
1009664,1009554,4
1009664,1009452,16
1009664,1009277,4
1009664,1009372,11
1009664,1009499,5
1009664,1009609,6
1009664,1009652,37
1009664,1009389,10
1009664,1009224,44
1009664,1009288,2
1009664,1009365,7
1009664,1009381,1
1009664,1009267,5
1009664,1009608,65
1009664,1009480,202
1009664,1009477,14
1009664,1009379,34
1009664,1009312,45
1009664,1009327,9
1009664,1009577,4
1009664,1009297,34
1009664,1009382,15
1009664,1009325,17
1009664,1009638,12
1009351,1009220,263
1009351,1009165,225
1009351,1009299,75
1009351,1009262,44
1009351,1009257,48
1009351,1009268,19
1009351,1009282,85
1009351,1009175,42
1009351,1009187,32
1009351,1009243,40
1009351,1009338,93
1009351,1009159,16
1009351,1009189,57
1009351,1009313,7
1009351,1009214,4
1009351,1009281,54
1009351,1009310,2
1009351,1009318,19
1009351,1009215,10
1009351,1009337,10
1009351,1009182,3
1009351,1009343,27
1009351,1009219,5
1009351,1009277,5
1009351,1009224,31
1009351,1009288,3
1009351,1009267,4
1009351,1009312,27
1009351,1009327,10
1009351,1009297,20
1009351,1009325,10
1009299,1009220,65
1009299,1009165,136
1009299,1009262,57
1009299,1009257,16
1009299,1009268,5
1009299,1009282,34
1009299,1009175,10
1009299,1009187,58
1009299,1009243,10
1009299,1009189,5
1009299,1009214,1
1009299,1009281,178
1009299,1009215,12
1009299,1009182,3
1009299,1009277,1
1009299,1009224,4
1009299,1009267,3
1009299,1009297,2
1009262,1009220,80
1009262,1009165,47
1009262,1009257,14
1009262,1009175,14
1009262,1009187,30
1009262,1009243,6
1009262,1009159,4
1009262,1009189,141
1009262,1009215,44
1009262,1009219,1
1009262,1009224,9
1009356,1009220,130
1009356,1009165,64
1009356,1009351,83
1009356,1009299,823
1009356,1009262,39
1009356,1009257,50
1009356,1009268,6
1009356,1009282,32
1009356,1009175,21
1009356,1009187,50
1009356,1009243,43
1009356,1009338,30
1009356,1009159,11
1009356,1009189,17
1009356,1009313,10
1009356,1009214,5
1009356,1009281,136
1009356,1009310,4
1009356,1009318,10
1009356,1009215,9
1009356,1009337,2
1009356,1009182,7
1009356,1009343,13
1009356,1009219,9
1009356,1009277,1
1009356,1009224,24
1009356,1009288,5
1009356,1009267,3
1009356,1009312,72
1009356,1009327,7
1009356,1009297,8
1009356,1009325,7
1009662,1009610,168
1009662,1009368,131
1009662,1009220,127
1009662,1009165,56
1009662,1009351,103
1009662,1009299,708
1009662,1009262,51
1009662,1009356,758
1009662,1009257,50
1009662,1009268,4
1009662,1009282,48
1009662,1009629,49
1009662,1009366,683
1009662,1009515,11
1009662,1009175,33
1009662,1009187,47
1009662,1009243,35
1009662,1009459,527
1009662,1009546,23
1009662,1009592,62
1009662,1009472,29
1009662,1009338,52
1009662,1009362,13
1009662,1009159,10
1009662,1009189,16
1009662,1009313,10
1009662,1009562,38
1009662,1009471,29
1009662,1009214,1
1009662,1009583,72
1009662,1009417,25
1009662,1009512,3
1009662,1009281,138
1009662,1009367,24
1009662,1009407,13
1009662,1009504,27
1009662,1009310,9
1009662,1009318,6
1009662,1009215,32
1009662,1009524,28
1009662,1009337,4
1009662,1009182,5
1009662,1009466,68
1009662,1009508,2
1009662,1009343,11
1009662,1009452,10
1009662,1009277,3
1009662,1009372,11
1009662,1009499,2
1009662,1009609,18
1009662,1009652,16
1009662,1009389,7
1009662,1009224,36
1009662,1009288,3
1009662,1009365,25
1009662,1009381,2
1009662,1009267,1
1009662,1009608,29
1009662,1009480,2
1009662,1009477,17
1009662,1009379,4
1009662,1009312,61
1009662,1009327,7
1009662,1009577,9
1009662,1009297,8
1009662,1009382,5
1009662,1009325,6
1009662,1009638,4
1009257,1009220,76
1009257,1009165,27
1009257,1009175,378
1009257,1009187,11
1009257,1009243,319
1009257,1009159,195
1009257,1009189,8
1009257,1009214,61
1009257,1009215,4
1009257,1009182,93
1009257,1009219,65
1009257,1009224,18
1009268,1009220,32
1009268,1009165,13
1009268,1009262,12
1009268,1009257,7
1009268,1009175,7
1009268,1009187,13
1009268,1009243,2
1009268,1009159,27
1009268,1009189,7
1009268,1009214,67
1009268,1009215,8
1009268,1009182,8
1009268,1009219,8
1009268,1009224,1
1009268,1009267,4
1009282,1009220,77
1009282,1009165,56
1009282,1009262,52
1009282,1009257,16
1009282,1009268,5
1009282,1009175,29
1009282,1009187,33
1009282,1009243,11
1009282,1009159,5
1009282,1009189,37
1009282,1009214,2
1009282,1009281,28
1009282,1009215,35
1009282,1009182,2
1009282,1009219,1
1009282,1009224,7
1009282,1009267,3
1009629,1009610,53
1009629,1009368,65
1009629,1009220,45
1009629,1009165,9
1009629,1009351,38
1009629,1009299,16
1009629,1009262,10
1009629,1009356,51
1009629,1009257,333
1009629,1009268,9
1009629,1009282,12
1009629,1009366,28
1009629,1009515,5
1009629,1009175,206
1009629,1009187,67
1009629,1009243,453
1009629,1009459,44
1009629,1009546,272
1009629,1009592,7
1009629,1009472,348
1009629,1009338,25
1009629,1009362,166
1009629,1009159,139
1009629,1009189,10
1009629,1009313,202
1009629,1009562,26
1009629,1009471,9
1009629,1009214,45
1009629,1009583,26
1009629,1009417,115
1009629,1009512,173
1009629,1009281,13
1009629,1009367,1
1009629,1009407,1
1009629,1009504,109
1009629,1009310,76
1009629,1009318,1
1009629,1009215,6
1009629,1009524,34
1009629,1009337,78
1009629,1009182,146
1009629,1009466,22
1009629,1009508,75
1009629,1009343,7
1009629,1009219,78
1009629,1009554,28
1009629,1009452,3
1009629,1009277,32
1009629,1009499,64
1009629,1009609,4
1009629,1009389,5
1009629,1009224,19
1009629,1009288,3
1009629,1009365,1
1009629,1009381,76
1009629,1009267,35
1009629,1009608,1
1009629,1009477,4
1009629,1009312,7
1009629,1009327,62
1009629,1009297,4
1009629,1009382,28
1009629,1009325,1
1009366,1009220,85
1009366,1009165,40
1009366,1009351,60
1009366,1009299,779
1009366,1009262,42
1009366,1009356,789
1009366,1009257,27
1009366,1009268,1
1009366,1009282,31
1009366,1009175,14
1009366,1009187,39
1009366,1009243,20
1009366,1009338,12
1009366,1009362,11
1009366,1009159,8
1009366,1009189,13
1009366,1009313,9
1009366,1009214,2
1009366,1009281,128
1009366,1009310,7
1009366,1009318,11
1009366,1009215,5
1009366,1009337,2
1009366,1009182,7
1009366,1009343,10
1009366,1009219,6
1009366,1009277,1
1009366,1009224,6
1009366,1009288,4
1009366,1009365,30
1009366,1009312,68
1009366,1009327,8
1009366,1009297,12
1009366,1009325,1
1009515,1009368,21
1009515,1009220,21
1009515,1009165,10
1009515,1009351,18
1009515,1009299,8
1009515,1009262,97
1009515,1009356,7
1009515,1009257,5
1009515,1009268,24
1009515,1009282,40
1009515,1009366,10
1009515,1009175,4
1009515,1009187,4
1009515,1009243,5
1009515,1009459,13
1009515,1009472,2
1009515,1009338,11
1009515,1009362,2
1009515,1009159,4
1009515,1009189,53
1009515,1009313,2
1009515,1009471,13
1009515,1009214,1
1009515,1009417,1
1009515,1009512,6
1009515,1009281,8
1009515,1009367,9
1009515,1009407,6
1009515,1009504,1
1009515,1009318,8
1009515,1009215,12
1009515,1009337,1
1009515,1009466,1
1009515,1009343,1
1009515,1009219,6
1009515,1009452,53
1009515,1009372,3
1009515,1009389,43
1009515,1009224,2
1009515,1009288,16
1009515,1009381,1
1009515,1009267,1
1009515,1009480,1
1009515,1009477,9
1009515,1009379,6
1009515,1009327,8
1009515,1009297,3
1009515,1009382,2
1009515,1009325,4
1009175,1009165,76
1009175,1009159,253
1009187,1009165,161
1009187,1009175,34
1009187,1009159,1
1009187,1009182,4
1009243,1009220,63
1009243,1009165,26
1009243,1009175,167
1009243,1009187,6
1009243,1009159,124
1009243,1009189,7
1009243,1009214,41
1009243,1009215,1
1009243,1009182,60
1009243,1009219,39
1009243,1009224,17
1010791,1009610,41
1010791,1009726,33
1010791,1009368,65
1010791,1009220,99
1010791,1009718,44
1010791,1009165,51
1010791,1009664,46
1010791,1009351,36
1010791,1009299,22
1010791,1009262,9
1010791,1009356,80
1010791,1009662,25
1010791,1009257,25
1010791,1009268,3
1010791,1009282,32
1010791,1009629,17
1010791,1009366,31
1010791,1009515,2
1010791,1009175,22
1010791,1009187,24
1010791,1009243,16
1010791,1009459,30
1010791,1009546,6
1010791,1009592,12
1010791,1009472,3
1010791,1009338,9
1010791,1009362,11
1010791,1009697,29
1010791,1009159,8
1010791,1009189,14
1010791,1009313,9
1010791,1010338,14
1010791,1009562,28
1010791,1009471,12
1010791,1009214,1
1010791,1009583,36
1010791,1009417,17
1010791,1009512,8
1010791,1009281,18
1010791,1009707,28
1010791,1009367,6
1010791,1009407,7
1010791,1009504,15
1010791,1009310,18
1010791,1010360,2
1010791,1009318,2
1010791,1009215,11
1010791,1009524,17
1010791,1010370,1
1010791,1009337,4
1010791,1009182,4
1010791,1009466,17
1010791,1009508,1
1010791,1009343,18
1010791,1009219,1
1010791,1009719,9
1010791,1009452,2
1010791,1009277,3
1010791,1009499,3
1010791,1009652,1
1010791,1009389,1
1010791,1009224,3
1010791,1009288,1
1010791,1009365,1
1010791,1009381,1
1010791,1009267,3
1010791,1009608,9
1010791,1009480,2
1010791,1010738,1
1010791,1009477,3
1010791,1009379,6
1010791,1009312,5
1010791,1009327,3
1010791,1009577,1
1010791,1009297,14
1010791,1009325,6
1010791,1009638,3
1010791,1010354,4
1009459,1009368,137
1009459,1009220,109
1009459,1009165,38
1009459,1009351,85
1009459,1009299,511
1009459,1009262,44
1009459,1009356,563
1009459,1009257,48
1009459,1009268,2
1009459,1009282,52
1009459,1009366,560
1009459,1009175,28
1009459,1009187,38
1009459,1009243,41
1009459,1009338,32
1009459,1009362,9
1009459,1009159,9
1009459,1009189,20
1009459,1009313,7
1009459,1009214,2
1009459,1009417,23
1009459,1009281,100
1009459,1009367,8
1009459,1009407,15
1009459,1009310,7
1009459,1009318,6
1009459,1009215,7
1009459,1009337,5
1009459,1009182,5
1009459,1009343,11
1009459,1009219,3
1009459,1009452,2
1009459,1009277,3
1009459,1009372,11
1009459,1009389,7
1009459,1009224,28
1009459,1009288,3
1009459,1009365,19
1009459,1009381,2
1009459,1009312,63
1009459,1009327,9
1009459,1009297,13
1009459,1009382,3
1009459,1009325,12
1009546,1009368,49
1009546,1009220,66
1009546,1009165,25
1009546,1009351,26
1009546,1009299,3
1009546,1009262,3
1009546,1009356,35
1009546,1009257,185
1009546,1009268,23
1009546,1009282,3
1009546,1009366,16
1009546,1009175,166
1009546,1009187,4
1009546,1009243,256
1009546,1009459,22
1009546,1009472,172
1009546,1009338,21
1009546,1009362,123
1009546,1009159,95
1009546,1009189,8
1009546,1009313,331
1009546,1009471,15
1009546,1009214,43
1009546,1009417,132
1009546,1009512,183
1009546,1009281,7
1009546,1009407,1
1009546,1009504,88
1009546,1009310,26
1009546,1009318,3
1009546,1009524,43
1009546,1009337,119
1009546,1009182,129
1009546,1009466,5
1009546,1009508,32
1009546,1009343,5
1009546,1009219,44
1009546,1009277,14
1009546,1009499,53
1009546,1009389,1
1009546,1009224,14
1009546,1009288,1
1009546,1009365,3
1009546,1009381,75
1009546,1009267,61
1009546,1009480,2
1009546,1009477,2
1009546,1009312,2
1009546,1009327,30
1009546,1009297,2
1009546,1009382,20
1009592,1009368,26
1009592,1009220,22
1009592,1009165,35
1009592,1009351,49
1009592,1009299,73
1009592,1009262,18
1009592,1009356,55
1009592,1009257,10
1009592,1009268,1
1009592,1009282,53
1009592,1009366,51
1009592,1009515,1
1009592,1009175,9
1009592,1009187,17
1009592,1009243,5
1009592,1009459,40
1009592,1009546,4
1009592,1009472,6
1009592,1009338,7
1009592,1009362,2
1009592,1009159,2
1009592,1009189,2
1009592,1009313,2
1009592,1009562,13
1009592,1009471,13
1009592,1009214,2
1009592,1009583,7
1009592,1009417,4
1009592,1009512,2
1009592,1009281,23
1009592,1009367,8
1009592,1009407,20
1009592,1009504,4
1009592,1009310,2
1009592,1009318,1
1009592,1009215,1
1009592,1009524,1
1009592,1009182,2
1009592,1009466,34
1009592,1009508,1
1009592,1009343,11
1009592,1009554,1
1009592,1009452,2
1009592,1009277,1
1009592,1009372,1
1009592,1009499,1
1009592,1009224,22
1009592,1009288,2
1009592,1009365,5
1009592,1009267,1
1009592,1009480,12
1009592,1009477,19
1009592,1009379,5
1009592,1009312,106
1009592,1009327,1
1009592,1009382,3
1009592,1009325,2
1009472,1009368,41
1009472,1009220,32
1009472,1009165,3
1009472,1009351,29
1009472,1009299,4
1009472,1009262,6
1009472,1009356,27
1009472,1009257,214
1009472,1009268,15
1009472,1009282,5
1009472,1009366,8
1009472,1009175,108
1009472,1009187,4
1009472,1009243,387
1009472,1009459,29
1009472,1009338,17
1009472,1009362,104
1009472,1009159,95
1009472,1009189,1
1009472,1009313,90
1009472,1009471,9
1009472,1009214,21
1009472,1009417,63
1009472,1009281,7
1009472,1009367,1
1009472,1009407,2
1009472,1009310,26
1009472,1009337,72
1009472,1009182,50
1009472,1009466,10
1009472,1009343,2
1009472,1009219,31
1009472,1009452,1
1009472,1009277,5
1009472,1009224,18
1009472,1009381,32
1009472,1009267,16
1009472,1009312,6
1009472,1009327,54
1009472,1009297,1
1009472,1009382,51
1009472,1009325,3
1009338,1009220,304
1009338,1009165,266
1009338,1009299,5
1009338,1009262,18
1009338,1009257,27
1009338,1009268,7
1009338,1009282,31
1009338,1009175,33
1009338,1009187,72
1009338,1009243,19
1009338,1009159,4
1009338,1009189,118
1009338,1009313,7
1009338,1009214,4
1009338,1009281,27
1009338,1009310,2
1009338,1009318,5
1009338,1009215,31
1009338,1009337,1
1009338,1009182,5
1009338,1009219,3
1009338,1009277,3
1009338,1009224,38
1009338,1009288,4
1009338,1009267,2
1009338,1009312,8
1009338,1009327,4
1009338,1009297,14
1009338,1009325,7
1009362,1009220,12
1009362,1009165,6
1009362,1009351,22
1009362,1009299,10
1009362,1009262,6
1009362,1009356,18
1009362,1009257,242
1009362,1009268,11
1009362,1009282,6
1009362,1009175,326
1009362,1009187,7
1009362,1009243,135
1009362,1009338,9
1009362,1009159,273
1009362,1009189,25
1009362,1009313,127
1009362,1009214,24
1009362,1009281,4
1009362,1009310,40
1009362,1009318,14
1009362,1009215,3
1009362,1009337,86
1009362,1009182,86
1009362,1009343,23
1009362,1009219,55
1009362,1009277,9
1009362,1009288,2
1009362,1009267,13
1009362,1009312,1
1009362,1009327,56
1009362,1009297,3
1009362,1009325,3
1009697,1009610,56
1009697,1009368,257
1009697,1009220,278
1009697,1009165,355
1009697,1009664,236
1009697,1009351,58
1009697,1009299,19
1009697,1009262,14
1009697,1009356,42
1009697,1009662,28
1009697,1009257,15
1009697,1009268,3
1009697,1009282,18
1009697,1009629,18
1009697,1009366,33
1009697,1009515,2
1009697,1009175,52
1009697,1009187,120
1009697,1009243,17
1009697,1009459,35
1009697,1009546,11
1009697,1009592,16
1009697,1009472,9
1009697,1009338,109
1009697,1009362,9
1009697,1009159,8
1009697,1009189,65
1009697,1009313,10
1009697,1009562,285
1009697,1009471,30
1009697,1009214,4
1009697,1009583,43
1009697,1009417,9
1009697,1009512,7
1009697,1009281,24
1009697,1009367,3
1009697,1009407,13
1009697,1009504,8
1009697,1009310,3
1009697,1009318,1
1009697,1009215,10
1009697,1009524,104
1009697,1009337,5
1009697,1009182,8
1009697,1009466,8
1009697,1009508,1
1009697,1009343,58
1009697,1009219,5
1009697,1009452,2
1009697,1009277,3
1009697,1009499,4
1009697,1009652,19
1009697,1009389,1
1009697,1009224,17
1009697,1009288,1
1009697,1009365,2
1009697,1009608,11
1009697,1009480,3
1009697,1009477,9
1009697,1009379,16
1009697,1009312,14
1009697,1009327,3
1009697,1009297,42
1009697,1009382,1
1009697,1009325,16
1009697,1009638,4
1009189,1009165,139
1009189,1009175,34
1009189,1009187,36
1009189,1009159,10
1009189,1009182,5
1009313,1009220,17
1009313,1009165,5
1009313,1009299,3
1009313,1009262,4
1009313,1009257,145
1009313,1009268,14
1009313,1009282,1
1009313,1009175,164
1009313,1009187,6
1009313,1009243,124
1009313,1009159,101
1009313,1009189,9
1009313,1009214,40
1009313,1009281,4
1009313,1009310,31
1009313,1009215,1
1009313,1009182,121
1009313,1009219,51
1009313,1009277,7
1009313,1009288,2
1009313,1009267,10
1009313,1009312,4
1009313,1009297,2
1010338,1009610,66
1010338,1009726,6
1010338,1009368,152
1010338,1009220,100
1010338,1009718,51
1010338,1009165,131
1010338,1009664,65
1010338,1009351,43
1010338,1009299,54
1010338,1009262,11
1010338,1009356,60
1010338,1009662,54
1010338,1009257,5
1010338,1009268,2
1010338,1009282,18
1010338,1009629,9
1010338,1009366,44
1010338,1009515,3
1010338,1009175,7
1010338,1009187,41
1010338,1009243,3
1010338,1009459,32
1010338,1009546,4
1010338,1009592,2
1010338,1009472,2
1010338,1009338,25
1010338,1009362,1
1010338,1009697,60
1010338,1009159,1
1010338,1009189,35
1010338,1009313,2
1010338,1009562,60
1010338,1009471,4
1010338,1009214,1
1010338,1009583,42
1010338,1009417,1
1010338,1009512,2
1010338,1009281,16
1010338,1009707,65
1010338,1009367,16
1010338,1009407,2
1010338,1009708,8
1010338,1009504,2
1010338,1009310,1
1010338,1009318,8
1010338,1009215,28
1010338,1009524,25
1010338,1009337,1
1010338,1009182,2
1010338,1009466,4
1010338,1009508,5
1010338,1009343,10
1010338,1009219,2
1010338,1009719,50
1010338,1009452,2
1010338,1009277,1
1010338,1009372,8
1010338,1009609,1
1010338,1009652,8
1010338,1009389,1
1010338,1009224,4
1010338,1009288,2
1010338,1009365,12
1010338,1009381,1
1010338,1009267,6
1010338,1009608,39
1010338,1009477,3
1010338,1009379,6
1010338,1009312,10
1010338,1009722,3
1010338,1009327,2
1010338,1009577,3
1010338,1009297,12
1010338,1009382,1
1010338,1009325,7
1010338,1009638,1
1009562,1009368,271
1009562,1009220,303
1009562,1009165,331
1009562,1009351,52
1009562,1009299,18
1009562,1009262,19
1009562,1009356,45
1009562,1009257,27
1009562,1009268,2
1009562,1009282,31
1009562,1009366,32
1009562,1009515,3
1009562,1009175,60
1009562,1009187,84
1009562,1009243,24
1009562,1009459,31
1009562,1009546,43
1009562,1009472,9
1009562,1009338,126
1009562,1009362,23
1009562,1009159,19
1009562,1009189,40
1009562,1009313,16
1009562,1009471,19
1009562,1009214,3
1009562,1009417,48
1009562,1009512,13
1009562,1009281,26
1009562,1009367,4
1009562,1009407,25
1009562,1009504,14
1009562,1009310,9
1009562,1009318,3
1009562,1009215,3
1009562,1009524,189
1009562,1009337,21
1009562,1009182,10
1009562,1009466,5
1009562,1009508,3
1009562,1009343,49
1009562,1009219,6
1009562,1009554,4
1009562,1009452,3
1009562,1009277,4
1009562,1009499,7
1009562,1009389,2
1009562,1009224,8
1009562,1009288,2
1009562,1009365,3
1009562,1009267,3
1009562,1009480,8
1009562,1009477,12
1009562,1009379,24
1009562,1009312,10
1009562,1009327,6
1009562,1009297,28
1009562,1009382,6
1009562,1009325,4
1009471,1009368,111
1009471,1009220,184
1009471,1009165,69
1009471,1009351,49
1009471,1009299,33
1009471,1009262,27
1009471,1009356,38
1009471,1009257,15
1009471,1009268,5
1009471,1009282,15
1009471,1009366,26
1009471,1009175,12
1009471,1009187,23
1009471,1009243,8
1009471,1009459,31
1009471,1009338,29
1009471,1009362,6
1009471,1009159,3
1009471,1009189,34
1009471,1009313,12
1009471,1009214,5
1009471,1009417,10
1009471,1009281,12
1009471,1009367,6
1009471,1009407,17
1009471,1009310,7
1009471,1009215,17
1009471,1009337,3
1009471,1009182,2
1009471,1009466,9
1009471,1009343,3
1009471,1009219,5
1009471,1009452,4
1009471,1009277,4
1009471,1009372,3
1009471,1009389,1
1009471,1009224,3
1009471,1009288,1
1009471,1009365,1
1009471,1009381,8
1009471,1009267,1
1009471,1009379,5
1009471,1009312,11
1009471,1009327,1
1009471,1009297,23
1009471,1009382,1
1009471,1009325,6
1009214,1009165,15
1009214,1009175,44
1009214,1009187,4
1009214,1009159,30
1009214,1009189,1
1009214,1009182,65
1009583,1009368,91
1009583,1009220,114
1009583,1009165,107
1009583,1009351,67
1009583,1009299,102
1009583,1009262,15
1009583,1009356,119
1009583,1009257,21
1009583,1009268,3
1009583,1009282,18
1009583,1009366,94
1009583,1009515,2
1009583,1009175,18
1009583,1009187,32
1009583,1009243,24
1009583,1009459,103
1009583,1009546,19
1009583,1009472,17
1009583,1009338,32
1009583,1009362,6
1009583,1009159,4
1009583,1009189,20
1009583,1009313,5
1009583,1009562,56
1009583,1009471,13
1009583,1009214,1
1009583,1009417,19
1009583,1009512,4
1009583,1009281,25
1009583,1009367,8
1009583,1009407,4
1009583,1009504,19
1009583,1009310,1
1009583,1009318,2
1009583,1009215,14
1009583,1009524,18
1009583,1009337,2
1009583,1009182,1
1009583,1009466,4
1009583,1009508,2
1009583,1009343,33
1009583,1009219,4
1009583,1009452,4
1009583,1009372,2
1009583,1009499,1
1009583,1009389,4
1009583,1009224,20
1009583,1009365,2
1009583,1009381,1
1009583,1009267,6
1009583,1009477,6
1009583,1009379,17
1009583,1009312,3
1009583,1009327,2
1009583,1009297,23
1009583,1009382,3
1009583,1009325,4
1009724,1009610,10
1009724,1009368,1
1009724,1009220,5
1009724,1009718,78
1009724,1009165,6
1009724,1009664,5
1009724,1009299,1
1009724,1009257,17
1009724,1009268,61
1009724,1009629,6
1009724,1009366,1
1009724,1009175,10
1009724,1009243,20
1009724,1009459,1
1009724,1009546,6
1009724,1009592,1
1009724,1009472,8
1009724,1009362,7
1009724,1009159,29
1009724,1009313,2
1009724,1009562,2
1009724,1009471,8
1009724,1009214,81
1009724,1009583,1
1009724,1009417,6
1009724,1009512,36
1009724,1009504,6
1009724,1009310,2
1009724,1009318,3
1009724,1009524,2
1009724,1009337,7
1009724,1009182,2
1009724,1009508,5
1009724,1009219,100
1009724,1009719,1
1009724,1009554,9
1009724,1009277,116
1009724,1009499,1
1009724,1009609,1
1009724,1009389,1
1009724,1009267,2
1009724,1009608,1
1009724,1009705,173
1009724,1009477,1
1009724,1009722,22
1009724,1009327,4
1009724,1009382,12
1009724,1009638,92
1009417,1009368,46
1009417,1009220,55
1009417,1009165,29
1009417,1009351,30
1009417,1009299,12
1009417,1009262,8
1009417,1009356,20
1009417,1009257,144
1009417,1009268,7
1009417,1009282,4
1009417,1009366,7
1009417,1009175,62
1009417,1009187,11
1009417,1009243,128
1009417,1009338,35
1009417,1009362,65
1009417,1009159,47
1009417,1009189,8
1009417,1009313,83
1009417,1009214,15
1009417,1009281,15
1009417,1009367,2
1009417,1009407,13
1009417,1009310,80
1009417,1009215,1
1009417,1009337,31
1009417,1009182,26
1009417,1009343,2
1009417,1009219,25
1009417,1009277,7
1009417,1009372,2
1009417,1009389,1
1009417,1009224,18
1009417,1009288,1
1009417,1009365,2
1009417,1009381,20
1009417,1009267,19
1009417,1009312,3
1009417,1009327,24
1009417,1009382,16
1009417,1009325,2
1009512,1009368,17
1009512,1009220,7
1009512,1009165,3
1009512,1009351,9
1009512,1009299,5
1009512,1009262,3
1009512,1009356,5
1009512,1009257,126
1009512,1009268,49
1009512,1009282,5
1009512,1009366,5
1009512,1009175,137
1009512,1009187,1
1009512,1009243,150
1009512,1009459,2
1009512,1009472,87
1009512,1009338,4
1009512,1009362,88
1009512,1009159,122
1009512,1009189,6
1009512,1009313,127
1009512,1009471,7
1009512,1009214,31
1009512,1009417,55
1009512,1009281,3
1009512,1009504,42
1009512,1009310,39
1009512,1009318,1
1009512,1009337,63
1009512,1009182,91
1009512,1009466,12
1009512,1009508,29
1009512,1009343,5
1009512,1009219,49
1009512,1009277,33
1009512,1009499,25
1009512,1009389,1
1009512,1009224,2
1009512,1009288,1
1009512,1009365,1
1009512,1009381,87
1009512,1009267,67
1009512,1009477,2
1009512,1009312,1
1009512,1009327,17
1009512,1009382,17
1009512,1009325,1
1009281,1009220,60
1009281,1009165,50
1009281,1009262,28
1009281,1009257,20
1009281,1009268,6
1009281,1009175,19
1009281,1009187,32
1009281,1009243,11
1009281,1009159,5
1009281,1009189,22
1009281,1009214,2
1009281,1009215,5
1009281,1009182,1
1009281,1009219,2
1009281,1009277,3
1009281,1009224,11
1009281,1009267,5
1009707,1009610,61
1009707,1009368,243
1009707,1009220,241
1009707,1009165,272
1009707,1009664,195
1009707,1009351,72
1009707,1009299,20
1009707,1009262,15
1009707,1009356,66
1009707,1009662,48
1009707,1009257,25
1009707,1009268,6
1009707,1009282,19
1009707,1009629,24
1009707,1009366,28
1009707,1009515,3
1009707,1009175,29
1009707,1009187,86
1009707,1009243,26
1009707,1009459,51
1009707,1009546,43
1009707,1009592,9
1009707,1009472,23
1009707,1009338,131
1009707,1009362,4
1009707,1009697,142
1009707,1009159,3
1009707,1009189,59
1009707,1009313,6
1009707,1009562,152
1009707,1009471,36
1009707,1009214,5
1009707,1009583,83
1009707,1009417,24
1009707,1009512,3
1009707,1009281,17
1009707,1009367,6
1009707,1009407,19
1009707,1009504,19
1009707,1009310,1
1009707,1009318,1
1009707,1009215,8
1009707,1009524,74
1009707,1009337,7
1009707,1009182,6
1009707,1009466,6
1009707,1009508,1
1009707,1009343,41
1009707,1009219,7
1009707,1009452,3
1009707,1009372,2
1009707,1009499,2
1009707,1009652,2
1009707,1009389,2
1009707,1009224,38
1009707,1009288,2
1009707,1009365,1
1009707,1009608,12
1009707,1009480,5
1009707,1009477,4
1009707,1009379,15
1009707,1009312,10
1009707,1009327,2
1009707,1009577,3
1009707,1009297,28
1009707,1009382,3
1009707,1009325,4
1009707,1009638,3
1010852,1009351,2
1009367,1009220,30
1009367,1009165,16
1009367,1009351,6
1009367,1009299,5
1009367,1009262,50
1009367,1009356,8
1009367,1009257,2
1009367,1009268,13
1009367,1009282,37
1009367,1009366,3
1009367,1009175,4
1009367,1009187,7
1009367,1009338,19
1009367,1009362,3
1009367,1009159,2
1009367,1009189,6
1009367,1009214,1
1009367,1009281,1
1009367,1009318,13
1009367,1009215,115
1009367,1009343,5
1009367,1009224,1
1009367,1009288,15
1009367,1009365,1
1009367,1009267,1
1009367,1009297,6
1009367,1009325,5
1009407,1009368,43
1009407,1009220,51
1009407,1009165,51
1009407,1009351,40
1009407,1009299,7
1009407,1009262,15
1009407,1009356,6
1009407,1009257,6
1009407,1009268,4
1009407,1009282,23
1009407,1009366,5
1009407,1009175,6
1009407,1009187,6
1009407,1009243,5
1009407,1009338,17
1009407,1009362,1
1009407,1009189,5
1009407,1009313,1
1009407,1009281,11
1009407,1009367,1
1009407,1009310,5
1009407,1009215,2
1009407,1009337,1
1009407,1009343,16
1009407,1009389,4
1009407,1009224,15
1009407,1009365,1
1009407,1009267,1
1009407,1009379,3
1009407,1009312,9
1009407,1009327,5
1009407,1009297,2
1009407,1009382,1
1009407,1009325,11
1009708,1009610,362
1009708,1009368,26
1009708,1009220,21
1009708,1009165,29
1009708,1009664,5
1009708,1009351,5
1009708,1009299,18
1009708,1009262,12
1009708,1009356,6
1009708,1009662,6
1009708,1009268,2
1009708,1009282,9
1009708,1009366,5
1009708,1009515,5
1009708,1009175,1
1009708,1009187,2
1009708,1009459,15
1009708,1009592,2
1009708,1009338,4
1009708,1009362,1
1009708,1009189,2
1009708,1009417,2
1009708,1009281,3
1009708,1009367,4
1009708,1009407,2
1009708,1009215,12
1009708,1009466,2
1009708,1009508,2
1009708,1009452,3
1009708,1009372,99
1009708,1009609,1
1009708,1009389,21
1009708,1009608,12
1009708,1009477,2
1009708,1009577,3
1009708,1009325,14
1011336,1009610,5
1011336,1009726,14
1011336,1009368,1
1011336,1009718,13
1011336,1009165,1
1011336,1009664,11
1011336,1009351,1
1011336,1009299,2
1011336,1009257,12
1011336,1009268,1
1011336,1009282,5
1011336,1009629,6
1011336,1009515,1
1011336,1009175,11
1011336,1009243,8
1011336,1009546,2
1011336,1009592,1
1011336,1009472,3
1011336,1009362,2
1011336,1009159,1
1011336,1009214,6
1011336,1009724,1
1011336,1009417,7
1011336,1009367,1
1011336,1009407,7
1011336,1009504,3
1011336,1009310,18
1011336,1009337,2
1011336,1009182,2
1011336,1009466,1
1011336,1009508,7
1011336,1009343,2
1011336,1009219,35
1011336,1009277,3
1011336,1009267,2
1011336,1009480,3
1011336,1009705,2
1011336,1010738,1
1011336,1009327,1
1011336,1009382,2
1011336,1009638,45
1011336,1010354,2
1009504,1009368,38
1009504,1009220,32
1009504,1009165,6
1009504,1009351,24
1009504,1009299,12
1009504,1009356,30
1009504,1009257,186
1009504,1009282,11
1009504,1009366,16
1009504,1009175,124
1009504,1009187,5
1009504,1009243,99
1009504,1009459,36
1009504,1009472,106
1009504,1009338,22
1009504,1009362,71
1009504,1009159,62
1009504,1009313,70
1009504,1009471,4
1009504,1009214,21
1009504,1009417,72
1009504,1009281,3
1009504,1009407,1
1009504,1009310,51
1009504,1009215,1
1009504,1009337,31
1009504,1009182,34
1009504,1009466,9
1009504,1009343,2
1009504,1009219,24
1009504,1009277,10
1009504,1009499,25
1009504,1009389,1
1009504,1009224,15
1009504,1009288,3
1009504,1009381,22
1009504,1009267,4
1009504,1009477,2
1009504,1009312,2
1009504,1009327,44
1009504,1009297,2
1009504,1009382,22
1009504,1009325,1
1009310,1009220,9
1009310,1009165,8
1009310,1009299,6
1009310,1009262,3
1009310,1009257,246
1009310,1009268,6
1009310,1009282,6
1009310,1009175,129
1009310,1009187,4
1009310,1009243,89
1009310,1009159,33
1009310,1009189,1
1009310,1009214,13
1009310,1009281,4
1009310,1009215,5
1009310,1009182,23
1009310,1009219,25
1009310,1009277,7
1009310,1009288,2
1009310,1009267,22
1010360,1009610,10
1010360,1009726,2
1010360,1009368,10
1010360,1009220,13
1010360,1009718,2
1010360,1009165,20
1010360,1009664,1
1010360,1009351,4
1010360,1009299,4
1010360,1009268,1
1010360,1009282,3
1010360,1009459,2
1010360,1009338,11
1010360,1009697,2
1010360,1009189,5
1010360,1009471,2
1010360,1009281,4
1010360,1009708,1
1010360,1009215,22
1010360,1009466,4
1010360,1009343,1
1010360,1009452,2
1010360,1009365,1
1010360,1009477,1
1010360,1009382,12
1010360,1009325,11
1009318,1009220,12
1009318,1009165,10
1009318,1009299,8
1009318,1009262,14
1009318,1009257,5
1009318,1009282,8
1009318,1009175,2
1009318,1009187,1
1009318,1009243,5
1009318,1009159,8
1009318,1009189,20
1009318,1009313,6
1009318,1009281,1
1009318,1009215,7
1009318,1009182,1
1009318,1009277,1
1009318,1009224,2
1009318,1009288,9
1009318,1009267,1
1009215,1009165,80
1009215,1009175,14
1009215,1009187,13
1009215,1009159,1
1009215,1009189,12
1009524,1009368,98
1009524,1009220,131
1009524,1009165,166
1009524,1009351,38
1009524,1009299,16
1009524,1009262,9
1009524,1009356,36
1009524,1009257,32
1009524,1009268,8
1009524,1009282,5
1009524,1009366,20
1009524,1009515,1
1009524,1009175,46
1009524,1009187,42
1009524,1009243,27
1009524,1009459,21
1009524,1009472,14
1009524,1009338,93
1009524,1009362,37
1009524,1009159,29
1009524,1009189,30
1009524,1009313,23
1009524,1009471,6
1009524,1009214,9
1009524,1009417,54
1009524,1009512,14
1009524,1009281,11
1009524,1009367,7
1009524,1009407,8
1009524,1009504,15
1009524,1009310,5
1009524,1009215,8
1009524,1009337,22
1009524,1009182,21
1009524,1009466,3
1009524,1009508,3
1009524,1009343,47
1009524,1009219,15
1009524,1009452,3
1009524,1009277,5
1009524,1009372,1
1009524,1009499,37
1009524,1009389,2
1009524,1009224,3
1009524,1009288,3
1009524,1009365,19
1009524,1009381,7
1009524,1009480,1
1009524,1009477,3
1009524,1009379,23
1009524,1009312,2
1009524,1009327,10
1009524,1009297,15
1009524,1009382,8
1009524,1009325,9
1010370,1009610,3
1010370,1009726,17
1010370,1009368,6
1010370,1009220,9
1010370,1009718,28
1010370,1009165,17
1010370,1009664,7
1010370,1009351,6
1010370,1009299,6
1010370,1009262,5
1010370,1009356,2
1010370,1009662,5
1010370,1009257,3
1010370,1009282,2
1010370,1009629,7
1010370,1009366,5
1010370,1009175,2
1010370,1009187,1
1010370,1009243,5
1010370,1009459,1
1010370,1009546,3
1010370,1009592,2
1010370,1009472,5
1010370,1009338,1
1010370,1009362,3
1010370,1009697,2
1010370,1009159,2
1010370,1009189,2
1010370,1010338,14
1010370,1009562,1
1010370,1009471,1
1010370,1009214,1
1010370,1009583,11
1010370,1009417,2
1010370,1009512,2
1010370,1009281,1
1010370,1009367,1
1010370,1009407,3
1010370,1009504,1
1010370,1009310,1
1010370,1009215,1
1010370,1009337,2
1010370,1009466,6
1010370,1009508,1
1010370,1009343,1
1010370,1009719,2
1010370,1009452,2
1010370,1009652,4
1010370,1009224,4
1010370,1009365,1
1010370,1009267,2
1010370,1009477,2
1010370,1009312,3
1010370,1009382,1
1010892,1009351,2
1010892,1010852,4
1009337,1009220,26
1009337,1009165,4
1009337,1009299,1
1009337,1009262,2
1009337,1009257,86
1009337,1009268,1
1009337,1009282,2
1009337,1009175,59
1009337,1009187,2
1009337,1009243,100
1009337,1009159,40
1009337,1009313,43
1009337,1009214,16
1009337,1009281,1
1009337,1009310,13
1009337,1009182,17
1009337,1009219,19
1009337,1009277,10
1009337,1009224,1
1009337,1009267,51
1009337,1009312,3
1009337,1009327,8
1009337,1009297,1
1009337,1009325,1
1009182,1009165,1
1009182,1009175,112
1009182,1009159,85
1011299,1009610,7
1011299,1009726,10
1011299,1009368,6
1011299,1009220,6
1011299,1009718,3
1011299,1009165,14
1011299,1009664,4
1011299,1009351,2
1011299,1009299,2
1011299,1009262,2
1011299,1009662,4
1011299,1009268,2
1011299,1009282,8
1011299,1009515,9
1011299,1009459,1
1011299,1009592,18
1011299,1009338,3
1011299,1009697,8
1011299,1009189,5
1011299,1010338,25
1011299,1009562,2
1011299,1009214,1
1011299,1009583,2
1011299,1009281,4
1011299,1009367,2
1011299,1009407,6
1011299,1009215,2
1011299,1009524,2
1011299,1010370,2
1011299,1009466,1
1011299,1009508,6
1011299,1009719,1
1011299,1009452,2
1011299,1009652,26
1011299,1009224,7
1011299,1009365,8
1011299,1011023,4
1011299,1009608,11
1011299,1009480,1
1011299,1009477,8
1011299,1009312,6
1011299,1009722,3
1011299,1009297,1
1011299,1010373,1
1011299,1010354,12
1011010,1009610,1
1011010,1009471,3
1011010,1009512,4
1011010,1009708,14
1011010,1009508,1
1011010,1009372,4
1011010,1009608,5
1011010,1009325,2
1009466,1009368,61
1009466,1009220,62
1009466,1009165,48
1009466,1009351,24
1009466,1009299,65
1009466,1009262,7
1009466,1009356,66
1009466,1009257,29
1009466,1009282,56
1009466,1009366,55
1009466,1009175,19
1009466,1009187,41
1009466,1009243,26
1009466,1009459,53
1009466,1009338,15
1009466,1009362,6
1009466,1009159,2
1009466,1009189,10
1009466,1009313,9
1009466,1009417,32
1009466,1009281,39
1009466,1009367,10
1009466,1009407,5
1009466,1009310,32
1009466,1009215,10
1009466,1009343,19
1009466,1009219,2
1009466,1009452,4
1009466,1009277,2
1009466,1009372,4
1009466,1009224,7
1009466,1009381,2
1009466,1009267,4
1009466,1009312,16
1009466,1009327,6
1009466,1009297,3
1009466,1009382,4
1009466,1009325,4
1009508,1009368,9
1009508,1009220,5
1009508,1009165,3
1009508,1009351,4
1009508,1009299,1
1009508,1009262,2
1009508,1009356,2
1009508,1009257,89
1009508,1009268,6
1009508,1009282,1
1009508,1009366,2
1009508,1009175,75
1009508,1009187,1
1009508,1009243,143
1009508,1009472,112
1009508,1009338,1
1009508,1009362,45
1009508,1009159,16
1009508,1009189,1
1009508,1009313,37
1009508,1009471,8
1009508,1009214,9
1009508,1009417,23
1009508,1009504,43
1009508,1009310,60
1009508,1009318,1
1009508,1009337,8
1009508,1009182,17
1009508,1009466,8
1009508,1009219,8
1009508,1009277,5
1009508,1009499,6
1009508,1009381,16
1009508,1009267,6
1009508,1009379,2
1009508,1009312,1
1009508,1009327,26
1009508,1009382,14
1011490,1009610,25
1011490,1009726,10
1011490,1009368,119
1011490,1009220,77
1011490,1009718,14
1011490,1009165,97
1011490,1009664,70
1011490,1009351,32
1011490,1009299,11
1011490,1009262,14
1011490,1009356,12
1011490,1009662,20
1011490,1009257,8
1011490,1009268,1
1011490,1009282,19
1011490,1009629,4
1011490,1009366,15
1011490,1009515,1
1011490,1009175,16
1011490,1009187,18
1011490,1009243,4
1011490,1010791,15
1011490,1009459,17
1011490,1009546,3
1011490,1009592,6
1011490,1009472,3
1011490,1009338,41
1011490,1009362,4
1011490,1009697,86
1011490,1009159,5
1011490,1009189,30
1011490,1009313,3
1011490,1010338,57
1011490,1009562,71
1011490,1009471,11
1011490,1009214,1
1011490,1009583,33
1011490,1009417,3
1011490,1009512,1
1011490,1009281,9
1011490,1009707,119
1011490,1009367,14
1011490,1009407,15
1011490,1009504,2
1011490,1009310,2
1011490,1010360,6
1011490,1009318,1
1011490,1009215,13
1011490,1009524,55
1011490,1009337,2
1011490,1009182,2
1011490,1011299,1
1011490,1009466,4
1011490,1009343,26
1011490,1009719,40
1011490,1009452,1
1011490,1009277,1
1011490,1009372,1
1011490,1009499,2
1011490,1009224,17
1011490,1009288,2
1011490,1009365,2
1011490,1011023,2
1011490,1009608,4
1011490,1009480,3
1011490,1009477,1
1011490,1009379,3
1011490,1009312,3
1011490,1009327,1
1011490,1009577,3
1011490,1009297,12
1011490,1009382,8
1011490,1009325,15
1011490,1010354,2
1009343,1009220,73
1009343,1009165,97
1009343,1009299,11
1009343,1009262,7
1009343,1009257,5
1009343,1009282,5
1009343,1009175,19
1009343,1009187,14
1009343,1009243,4
1009343,1009338,24
1009343,1009159,11
1009343,1009189,51
1009343,1009313,9
1009343,1009281,6
1009343,1009310,3
1009343,1009318,17
1009343,1009215,4
1009343,1009337,1
1009343,1009182,5
1009343,1009219,2
1009343,1009224,6
1009343,1009288,6
1009343,1009267,1
1009343,1009312,2
1009343,1009327,2
1009343,1009297,9
1009343,1009325,5
1009219,1009165,4
1009219,1009175,62
1009219,1009187,1
1009219,1009159,47
1009219,1009189,3
1009219,1009214,42
1009219,1009182,53
1009719,1009610,32
1009719,1009368,122
1009719,1009220,111
1009719,1009718,33
1009719,1009165,134
1009719,1009664,96
1009719,1009351,15
1009719,1009299,5
1009719,1009262,9
1009719,1009356,17
1009719,1009662,16
1009719,1009257,1
1009719,1009268,1
1009719,1009282,7
1009719,1009629,5
1009719,1009366,11
1009719,1009515,1
1009719,1009175,34
1009719,1009187,21
1009719,1009243,4
1009719,1009459,13
1009719,1009546,16
1009719,1009592,5
1009719,1009472,2
1009719,1009338,22
1009719,1009362,2
1009719,1009697,85
1009719,1009159,2
1009719,1009189,30
1009719,1009313,6
1009719,1009562,110
1009719,1009471,9
1009719,1009214,3
1009719,1009583,29
1009719,1009417,5
1009719,1009512,2
1009719,1009281,10
1009719,1009707,83
1009719,1009367,5
1009719,1009407,2
1009719,1009504,3
1009719,1009318,2
1009719,1009215,8
1009719,1009524,29
1009719,1009337,7
1009719,1009182,3
1009719,1009466,3
1009719,1009508,1
1009719,1009343,21
1009719,1009219,1
1009719,1009452,3
1009719,1009372,3
1009719,1009499,1
1009719,1009609,3
1009719,1009652,1
1009719,1009224,4
1009719,1009365,1
1009719,1009608,16
1009719,1009477,8
1009719,1009327,1
1009719,1009297,6
1009719,1009382,4
1009554,1009368,20
1009554,1009220,7
1009554,1009165,14
1009554,1009351,7
1009554,1009262,2
1009554,1009257,33
1009554,1009268,22
1009554,1009282,2
1009554,1009366,3
1009554,1009515,1
1009554,1009175,39
1009554,1009243,27
1009554,1009459,2
1009554,1009546,43
1009554,1009472,21
1009554,1009362,33
1009554,1009159,31
1009554,1009189,1
1009554,1009313,42
1009554,1009471,15
1009554,1009214,17
1009554,1009417,23
1009554,1009512,32
1009554,1009281,2
1009554,1009367,11
1009554,1009407,2
1009554,1009504,10
1009554,1009310,14
1009554,1009318,7
1009554,1009524,10
1009554,1009337,17
1009554,1009182,23
1009554,1009508,12
1009554,1009343,2
1009554,1009219,10
1009554,1009277,39
1009554,1009499,19
1009554,1009381,28
1009554,1009267,5
1009554,1009327,10
1009554,1009382,14
1009452,1009368,26
1009452,1009220,44
1009452,1009165,14
1009452,1009351,8
1009452,1009299,3
1009452,1009262,37
1009452,1009356,4
1009452,1009257,2
1009452,1009268,4
1009452,1009282,32
1009452,1009366,4
1009452,1009175,12
1009452,1009187,5
1009452,1009243,1
1009452,1009338,10
1009452,1009189,39
1009452,1009281,2
1009452,1009367,17
1009452,1009407,1
1009452,1009318,12
1009452,1009215,15
1009452,1009343,3
1009452,1009389,10
1009452,1009224,3
1009452,1009288,8
1009452,1009267,1
1009452,1009379,1
1009452,1009327,1
1009452,1009297,5
1009452,1009325,8
1011109,1009726,1
1011109,1009220,1
1011109,1009718,16
1011109,1009257,11
1011109,1009629,16
1011109,1009243,2
1011109,1009546,4
1011109,1009592,2
1011109,1009472,5
1011109,1009189,1
1011109,1009313,1
1011109,1009471,1
1011109,1009512,13
1011109,1009504,7
1011109,1009310,9
1011109,1011010,21
1011109,1009508,3
1011109,1009219,8
1011109,1009372,1
1011109,1009381,2
1011109,1009608,1
1011109,1009327,6
1011109,1009638,5
1009277,1009220,7
1009277,1009165,7
1009277,1009262,2
1009277,1009257,26
1009277,1009268,41
1009277,1009175,15
1009277,1009187,2
1009277,1009243,47
1009277,1009159,17
1009277,1009189,9
1009277,1009214,92
1009277,1009182,13
1009277,1009219,56
1009277,1009267,3
1009372,1009368,18
1009372,1009220,17
1009372,1009165,31
1009372,1009351,1
1009372,1009299,23
1009372,1009262,19
1009372,1009356,10
1009372,1009282,4
1009372,1009366,8
1009372,1009175,1
1009372,1009187,4
1009372,1009338,11
1009372,1009362,2
1009372,1009159,1
1009372,1009189,4
1009372,1009313,2
1009372,1009281,4
1009372,1009367,7
1009372,1009318,2
1009372,1009215,15
1009372,1009288,2
1009372,1009365,1
1009372,1009327,1
1009372,1009325,15
1009499,1009368,3
1009499,1009220,5
1009499,1009165,1
1009499,1009351,8
1009499,1009299,1
1009499,1009356,2
1009499,1009257,65
1009499,1009268,1
1009499,1009282,1
1009499,1009366,1
1009499,1009175,50
1009499,1009187,2
1009499,1009243,56
1009499,1009459,3
1009499,1009472,65
1009499,1009362,79
1009499,1009159,42
1009499,1009313,43
1009499,1009471,2
1009499,1009214,8
1009499,1009417,31
1009499,1009407,1
1009499,1009310,8
1009499,1009337,148
1009499,1009182,20
1009499,1009343,1
1009499,1009219,16
1009499,1009277,4
1009499,1009224,1
1009499,1009381,21
1009499,1009267,6
1009499,1009480,1
1009499,1009477,3
1009499,1009379,2
1009499,1009312,1
1009499,1009327,6
1009499,1009382,20
1009609,1009368,9
1009609,1009220,14
1009609,1009165,1
1009609,1009351,4
1009609,1009262,8
1009609,1009356,11
1009609,1009257,3
1009609,1009282,1
1009609,1009366,12
1009609,1009515,5
1009609,1009175,2
1009609,1009243,1
1009609,1009459,14
1009609,1009592,5
1009609,1009338,4
1009609,1009159,2
1009609,1009189,1
1009609,1009562,4
1009609,1009214,1
1009609,1009583,4
1009609,1009281,1
1009609,1009407,2
1009609,1009318,1
1009609,1009337,1
1009609,1009372,2
1009609,1009389,5
1009609,1009224,1
1009609,1009267,1
1009609,1009477,6
1009609,1009312,5
1009609,1009327,2
1010771,1009610,2
1010771,1009726,6
1010771,1009368,3
1010771,1009220,5
1010771,1009718,5
1010771,1009165,1
1010771,1009664,1
1010771,1009662,1
1010771,1009257,7
1010771,1009629,4
1010771,1009366,1
1010771,1009175,2
1010771,1009187,1
1010771,1009243,32
1010771,1009546,1
1010771,1009472,48
1010771,1009362,1
1010771,1009159,4
1010771,1009313,1
1010771,1010338,1
1010771,1009214,2
1010771,1009583,1
1010771,1009724,1
1010771,1009512,7
1010771,1009504,9
1010771,1009508,47
1010771,1009219,1
1010771,1009224,2
1010771,1009381,1
1010771,1009267,4
1010771,1009705,1
1010771,1009327,7
1010771,1009382,14
1010771,1010354,1
1009652,1009610,25
1009652,1009368,16
1009652,1009220,23
1009652,1009165,60
1009652,1009351,26
1009652,1009299,11
1009652,1009262,8
1009652,1009356,7
1009652,1009257,4
1009652,1009268,5
1009652,1009282,18
1009652,1009629,2
1009652,1009366,10
1009652,1009515,4
1009652,1009175,6
1009652,1009187,7
1009652,1009243,3
1009652,1009459,7
1009652,1009592,47
1009652,1009472,2
1009652,1009338,7
1009652,1009159,3
1009652,1009189,2
1009652,1009562,8
1009652,1009214,1
1009652,1009583,6
1009652,1009417,2
1009652,1009512,1
1009652,1009281,19
1009652,1009367,1
1009652,1009407,8
1009652,1009504,1
1009652,1009318,2
1009652,1009215,2
1009652,1009524,2
1009652,1009466,4
1009652,1009508,7
1009652,1009452,4
1009652,1009609,2
1009652,1009389,3
1009652,1009224,31
1009652,1009288,3
1009652,1009365,7
1009652,1009608,1
1009652,1009480,6
1009652,1009477,9
1009652,1009379,2
1009652,1009312,21
1009652,1009327,2
1009652,1009297,3
1009652,1009382,1
1009389,1009368,13
1009389,1009220,18
1009389,1009165,7
1009389,1009351,4
1009389,1009299,5
1009389,1009262,119
1009389,1009356,9
1009389,1009257,5
1009389,1009268,4
1009389,1009282,14
1009389,1009366,7
1009389,1009175,2
1009389,1009187,2
1009389,1009243,3
1009389,1009338,3
1009389,1009159,2
1009389,1009189,9
1009389,1009281,9
1009389,1009367,20
1009389,1009318,13
1009389,1009215,17
1009389,1009337,2
1009389,1009343,4
1009389,1009219,2
1009389,1009372,14
1009389,1009224,3
1009389,1009288,36
1009389,1009381,1
1009389,1009267,2
1009389,1009327,5
1009389,1009297,4
1009389,1009325,3
1009224,1009220,45
1009224,1009165,14
1009224,1009175,7
1009224,1009187,6
1009224,1009159,3
1009224,1009189,2
1009224,1009214,1
1009224,1009215,1
1009224,1009182,1
1009288,1009220,4
1009288,1009165,9
1009288,1009262,73
1009288,1009257,3
1009288,1009268,2
1009288,1009282,3
1009288,1009187,2
1009288,1009159,1
1009288,1009189,10
1009288,1009214,1
1009288,1009281,4
1009288,1009215,11
1009288,1009219,3
1009288,1009277,2
1009288,1009224,2
1009288,1009267,1
1009365,1009220,11
1009365,1009165,21
1009365,1009351,6
1009365,1009299,32
1009365,1009262,5
1009365,1009356,32
1009365,1009257,3
1009365,1009268,5
1009365,1009175,3
1009365,1009187,4
1009365,1009243,1
1009365,1009338,3
1009365,1009159,1
1009365,1009189,3
1009365,1009214,3
1009365,1009281,13
1009365,1009318,2
1009365,1009215,1
1009365,1009343,2
1009365,1009277,2
1009365,1009224,3
1009365,1009267,1
1009365,1009312,5
1009381,1009368,40
1009381,1009220,12
1009381,1009165,2
1009381,1009257,69
1009381,1009268,1
1009381,1009366,1
1009381,1009175,67
1009381,1009243,55
1009381,1009362,60
1009381,1009159,52
1009381,1009189,5
1009381,1009313,90
1009381,1009214,14
1009381,1009310,19
1009381,1009318,2
1009381,1009337,20
1009381,1009182,36
1009381,1009219,28
1009381,1009277,16
1009381,1009267,4
1009381,1009327,13
1009267,1009220,2
1009267,1009165,2
1009267,1009262,2
1009267,1009257,38
1009267,1009175,27
1009267,1009243,61
1009267,1009159,12
1009267,1009215,2
1009267,1009219,8
1011023,1009610,2
1011023,1009726,4
1011023,1009368,1
1011023,1009220,4
1011023,1009165,10
1011023,1009664,4
1011023,1009351,17
1011023,1009299,3
1011023,1009262,2
1011023,1009662,3
1011023,1009282,24
1011023,1009175,8
1011023,1010791,5
1011023,1009592,13
1011023,1009338,4
1011023,1009362,3
1011023,1009697,4
1011023,1009562,5
1011023,1009471,2
1011023,1009281,1
1011023,1009367,4
1011023,1009407,1
1011023,1009504,2
1011023,1009215,2
1011023,1009524,1
1011023,1009466,10
1011023,1009452,1
1011023,1009652,4
1011023,1009224,2
1011023,1009477,1
1011023,1009379,1
1011023,1009312,3
1011023,1010354,1
1016181,1009610,57
1016181,1009726,3
1016181,1009368,13
1016181,1009220,17
1016181,1009718,1
1016181,1009165,20
1016181,1009664,2
1016181,1009351,2
1016181,1009262,1
1016181,1009282,1
1016181,1009187,3
1016181,1009592,1
1016181,1009338,1
1016181,1009697,8
1016181,1009189,2
1016181,1010338,13
1016181,1009471,2
1016181,1009583,3
1016181,1009708,1
1016181,1010360,1
1016181,1010370,1
1016181,1011299,1
1016181,1011010,1
1016181,1009466,1
1016181,1009508,1
1016181,1009719,5
1016181,1009372,4
1016181,1009365,2
1016181,1009608,2
1016181,1009477,1
1016181,1009312,1
1016181,1009722,1
1016181,1009327,1
1016181,1009297,1
1016181,1009325,1
1009608,1009368,122
1009608,1009220,125
1009608,1009165,99
1009608,1009351,33
1009608,1009299,8
1009608,1009262,6
1009608,1009356,7
1009608,1009257,2
1009608,1009268,2
1009608,1009282,33
1009608,1009366,6
1009608,1009175,13
1009608,1009187,3
1009608,1009459,13
1009608,1009592,2
1009608,1009338,71
1009608,1009362,3
1009608,1009159,1
1009608,1009189,23
1009608,1009313,1
1009608,1009562,4
1009608,1009471,13
1009608,1009214,1
1009608,1009583,5
1009608,1009281,11
1009608,1009367,23
1009608,1009407,1
1009608,1009504,2
1009608,1009310,3
1009608,1009318,5
1009608,1009215,67
1009608,1009524,8
1009608,1009466,13
1009608,1009508,1
1009608,1009343,1
1009608,1009219,1
1009608,1009452,4
1009608,1009372,15
1009608,1009389,4
1009608,1009288,1
1009608,1009267,1
1009608,1009480,3
1009608,1009379,3
1009608,1009312,4
1009608,1009327,1
1009608,1009577,5
1009608,1009297,5
1009608,1009325,2
1009480,1009368,13
1009480,1009220,19
1009480,1009165,17
1009480,1009351,7
1009480,1009299,4
1009480,1009262,3
1009480,1009356,2
1009480,1009257,3
1009480,1009268,1
1009480,1009282,8
1009480,1009366,2
1009480,1009187,3
1009480,1009243,2
1009480,1009459,5
1009480,1009338,4
1009480,1009189,3
1009480,1009471,3
1009480,1009281,3
1009480,1009407,121
1009480,1009318,3
1009480,1009337,3
1009480,1009466,2
1009480,1009343,13
1009480,1009219,1
1009480,1009389,1
1009480,1009224,3
1009480,1009477,1
1009480,1009379,3
1009480,1009312,12
1009480,1009327,1
1009705,1009610,5
1009705,1009351,1
1009705,1009299,1
1009705,1009257,25
1009705,1009268,25
1009705,1009629,29
1009705,1009175,29
1009705,1009187,1
1009705,1009243,26
1009705,1009546,13
1009705,1009472,9
1009705,1009362,14
1009705,1009159,29
1009705,1009313,15
1009705,1009471,5
1009705,1009214,45
1009705,1009417,8
1009705,1009512,23
1009705,1009504,13
1009705,1009310,9
1009705,1009318,2
1009705,1009524,7
1009705,1009337,9
1009705,1009182,26
1009705,1009508,1
1009705,1009219,94
1009705,1009554,29
1009705,1009277,122
1009705,1009499,12
1009705,1009224,1
1009705,1009381,20
1009705,1009267,5
1009705,1009477,1
1009705,1009327,5
1009705,1009382,10
1009705,1009638,84
1010738,1009610,3
1010738,1009726,53
1010738,1009368,2
1010738,1009220,2
1010738,1009718,10
1010738,1009165,2
1010738,1009664,6
1010738,1009351,8
1010738,1009299,7
1010738,1009356,6
1010738,1009662,6
1010738,1009257,25
1010738,1009268,1
1010738,1009282,1
1010738,1009629,6
1010738,1009366,5
1010738,1009175,24
1010738,1009243,7
1010738,1009459,4
1010738,1009546,4
1010738,1009472,7
1010738,1009362,27
1010738,1009159,21
1010738,1009313,3
1010738,1009562,1
1010738,1009214,5
1010738,1009724,4
1010738,1009417,5
1010738,1009512,5
1010738,1009504,4
1010738,1009310,3
1010738,1009524,20
1010738,1009337,27
1010738,1009182,4
1010738,1009508,2
1010738,1009219,11
1010738,1009554,4
1010738,1009277,1
1010738,1009372,2
1010738,1009499,26
1010738,1009365,1
1010738,1009381,3
1010738,1009480,1
1010738,1009705,4
1010738,1009379,6
1010738,1009722,1
1010738,1009327,26
1010738,1009382,3
1010738,1009638,5
1010738,1010354,2
1009477,1009368,21
1009477,1009220,21
1009477,1009165,10
1009477,1009351,10
1009477,1009299,7
1009477,1009262,10
1009477,1009356,10
1009477,1009257,5
1009477,1009282,2
1009477,1009366,11
1009477,1009175,3
1009477,1009187,3
1009477,1009243,6
1009477,1009459,10
1009477,1009472,3
1009477,1009338,5
1009477,1009362,1
1009477,1009159,6
1009477,1009189,3
1009477,1009313,5
1009477,1009471,10
1009477,1009417,3
1009477,1009281,4
1009477,1009367,1
1009477,1009310,2
1009477,1009318,1
1009477,1009337,4
1009477,1009182,1
1009477,1009466,2
1009477,1009343,4
1009477,1009219,2
1009477,1009452,5
1009477,1009277,2
1009477,1009372,2
1009477,1009389,1
1009477,1009224,5
1009477,1009365,1
1009477,1009312,14
1009477,1009297,1
1009477,1009382,6
1009379,1009368,28
1009379,1009220,30
1009379,1009165,33
1009379,1009351,116
1009379,1009299,2
1009379,1009262,2
1009379,1009356,1
1009379,1009257,4
1009379,1009282,8
1009379,1009366,2
1009379,1009175,2
1009379,1009187,6
1009379,1009338,11
1009379,1009362,4
1009379,1009189,5
1009379,1009281,1
1009379,1009367,1
1009379,1009215,3
1009379,1009337,3
1009379,1009343,9
1009379,1009277,1
1009379,1009224,14
1009379,1009288,1
1009379,1009365,2
1009379,1009327,4
1009379,1009297,4
1009312,1009220,23
1009312,1009165,26
1009312,1009299,85
1009312,1009262,6
1009312,1009257,11
1009312,1009268,3
1009312,1009282,18
1009312,1009175,4
1009312,1009187,15
1009312,1009243,8
1009312,1009159,2
1009312,1009189,1
1009312,1009281,16
1009312,1009310,3
1009312,1009277,2
1009312,1009224,8
1009722,1009610,12
1009722,1009368,3
1009722,1009220,3
1009722,1009718,46
1009722,1009165,5
1009722,1009664,1
1009722,1009351,1
1009722,1009299,2
1009722,1009662,1
1009722,1009257,12
1009722,1009268,8
1009722,1009282,1
1009722,1009629,20
1009722,1009366,1
1009722,1009515,7
1009722,1009175,8
1009722,1009187,1
1009722,1009243,7
1009722,1009546,1
1009722,1009472,21
1009722,1009338,9
1009722,1009362,3
1009722,1009159,12
1009722,1009189,7
1009722,1009313,11
1009722,1009471,1
1009722,1009214,19
1009722,1009417,2
1009722,1009512,15
1009722,1009281,1
1009722,1009707,1
1009722,1009504,1
1009722,1009310,8
1009722,1009318,2
1009722,1009215,1
1009722,1009524,2
1009722,1009182,18
1009722,1009466,6
1009722,1009508,4
1009722,1009343,1
1009722,1009554,4
1009722,1009277,11
1009722,1009609,3
1009722,1009381,2
1009722,1009705,33
1009722,1009327,13
1009722,1009382,1
1009327,1009220,13
1009327,1009165,2
1009327,1009299,1
1009327,1009262,7
1009327,1009257,107
1009327,1009268,3
1009327,1009282,4
1009327,1009175,72
1009327,1009187,2
1009327,1009243,35
1009327,1009159,44
1009327,1009189,2
1009327,1009313,35
1009327,1009214,11
1009327,1009281,6
1009327,1009310,17
1009327,1009318,1
1009327,1009182,28
1009327,1009219,18
1009327,1009277,3
1009327,1009224,1
1009327,1009288,2
1009327,1009267,7
1009327,1009297,2
1009577,1009368,7
1009577,1009220,14
1009577,1009165,3
1009577,1009351,6
1009577,1009299,1
1009577,1009262,14
1009577,1009356,1
1009577,1009282,5
1009577,1009515,5
1009577,1009175,1
1009577,1009187,2
1009577,1009459,1
1009577,1009338,3
1009577,1009189,10
1009577,1009471,5
1009577,1009281,1
1009577,1009367,23
1009577,1009318,4
1009577,1009215,10
1009577,1009466,2
1009577,1009219,1
1009577,1009554,1
1009577,1009452,7
1009577,1009277,2
1009577,1009372,3
1009577,1009389,8
1009577,1009288,9
1009577,1009297,9
1009297,1009220,165
1009297,1009165,42
1009297,1009262,7
1009297,1009257,4
1009297,1009282,8
1009297,1009175,12
1009297,1009187,43
1009297,1009243,1
1009297,1009159,1
1009297,1009189,41
1009297,1009214,1
1009297,1009281,10
1009297,1009215,4
1009297,1009182,1
1009297,1009219,1
1009297,1009224,3
1009297,1009288,2
1009382,1009368,12
1009382,1009220,10
1009382,1009165,9
1009382,1009351,13
1009382,1009299,3
1009382,1009262,1
1009382,1009356,5
1009382,1009257,31
1009382,1009268,10
1009382,1009282,6
1009382,1009366,2
1009382,1009175,20
1009382,1009187,1
1009382,1009243,28
1009382,1009362,37
1009382,1009159,31
1009382,1009313,19
1009382,1009214,10
1009382,1009281,3
1009382,1009367,3
1009382,1009310,12
1009382,1009215,11
1009382,1009337,27
1009382,1009182,13
1009382,1009343,4
1009382,1009219,14
1009382,1009277,6
1009382,1009224,1
1009382,1009381,10
1009382,1009267,10
1009382,1009312,2
1009382,1009327,5
1009382,1009325,4
1010373,1009610,6
1010373,1009726,1
1010373,1009368,1
1010373,1009664,2
1010373,1009299,1
1010373,1009268,12
1010373,1009282,2
1010373,1009515,3
1010373,1009313,2
1010373,1009214,1
1010373,1009583,11
1010373,1009407,6
1010373,1009452,1
1010373,1009372,1
1010373,1009312,1
1009325,1009220,27
1009325,1009165,23
1009325,1009299,3
1009325,1009262,5
1009325,1009257,5
1009325,1009268,1
1009325,1009282,8
1009325,1009175,5
1009325,1009243,5
1009325,1009189,16
1009325,1009313,1
1009325,1009281,9
1009325,1009310,4
1009325,1009215,9
1009325,1009277,1
1009325,1009224,1
1009325,1009288,1
1009325,1009267,1
1009325,1009312,3
1009325,1009297,7
1009638,1009610,5
1009638,1009368,14
1009638,1009220,8
1009638,1009165,4
1009638,1009351,5
1009638,1009299,1
1009638,1009262,1
1009638,1009356,4
1009638,1009257,28
1009638,1009268,5
1009638,1009282,5
1009638,1009629,29
1009638,1009366,4
1009638,1009515,6
1009638,1009175,34
1009638,1009187,3
1009638,1009243,28
1009638,1009459,6
1009638,1009546,22
1009638,1009592,1
1009638,1009472,20
1009638,1009338,1
1009638,1009362,20
1009638,1009159,25
1009638,1009189,3
1009638,1009313,18
1009638,1009562,3
1009638,1009471,6
1009638,1009214,12
1009638,1009583,1
1009638,1009417,15
1009638,1009512,16
1009638,1009281,5
1009638,1009407,3
1009638,1009504,10
1009638,1009310,14
1009638,1009524,11
1009638,1009337,8
1009638,1009182,12
1009638,1009466,3
1009638,1009508,5
1009638,1009219,108
1009638,1009554,3
1009638,1009277,41
1009638,1009499,8
1009638,1009381,12
1009638,1009267,6
1009638,1009608,3
1009638,1009480,1
1009638,1009312,2
1009638,1009327,9
1009638,1009577,1
1009638,1009297,2
1009638,1009382,3
1009638,1009325,1
1010354,1009610,12
1010354,1009726,32
1010354,1009368,11
1010354,1009220,12
1010354,1009718,21
1010354,1009165,15
1010354,1009664,15
1010354,1009351,19
1010354,1009299,7
1010354,1009262,3
1010354,1009356,8
1010354,1009662,13
1010354,1009257,11
1010354,1009268,1
1010354,1009282,10
1010354,1009629,19
1010354,1009366,8
1010354,1009515,1
1010354,1009175,10
1010354,1009187,1
1010354,1009243,19
1010354,1009459,9
1010354,1009546,13
1010354,1009592,26
1010354,1009472,16
1010354,1009338,3
1010354,1009362,4
1010354,1009697,6
1010354,1009159,6
1010354,1009189,2
1010354,1009313,5
1010354,1010338,3
1010354,1009562,8
1010354,1009471,1
1010354,1009214,1
1010354,1009583,4
1010354,1009724,4
1010354,1009417,8
1010354,1009512,2
1010354,1009281,6
1010354,1009707,5
1010354,1009407,9
1010354,1009504,4
1010354,1009310,1
1010354,1009524,6
1010354,1009337,6
1010354,1009182,1
1010354,1009466,2
1010354,1009508,1
1010354,1009343,1
1010354,1009219,13
1010354,1009719,2
1010354,1009554,1
1010354,1009452,2
1010354,1009277,4
1010354,1009499,1
1010354,1009609,1
1010354,1009652,34
1010354,1009389,2
1010354,1009224,7
1010354,1009381,2
1010354,1009267,3
1010354,1009480,3
1010354,1009705,4
1010354,1009477,5
1010354,1009379,1
1010354,1009312,18
1010354,1009327,5
1010354,1009297,1
1010354,1009382,2
1010354,1009325,2
1010354,1009638,23
